keyword,search_volume,difficulty,cpc,current_rank,pillar,journey_stage
Glasgow smsts training,0,0,0.0,0,Navigating SMSTS Course Delivery and Providers,consideration
site management safety training scheme Birmingham,0,0,0.0,0,Navigating SMSTS Course Delivery and Providers,consideration
Manchester citb smsts,0,0,0.0,0,Navigating SMSTS Course Delivery and Providers,consideration
Manchester smsts training,0,0,0.0,0,Navigating SMSTS Course Delivery and Providers,consideration
Leeds smsts training,0,0,0.0,0,Navigating SMSTS Course Delivery and Providers,consideration
Birmingham smsts training,0,0,0.0,0,Navigating SMSTS Course Delivery and Providers,consideration
London citb smsts,0,0,0.0,0,Navigating SMSTS Course Delivery and Providers,consideration
citb smsts Leeds,0,0,0.0,0,Navigating SMSTS Course Delivery and Providers,consideration
smsts online Manchester,0,0,0.0,0,Navigating SMSTS Course Delivery and Providers,consideration
smsts online London,0,0,0.0,0,Navigating SMSTS Course Delivery and Providers,consideration
Birmingham site management safety training scheme,0,0,0.0,0,Navigating SMSTS Course Delivery and Providers,consideration
London site management safety training scheme,0,0,0.0,0,Navigating SMSTS Course Delivery and Providers,consideration
citb smsts Manchester,0,0,0.0,0,Navigating SMSTS Course Delivery and Providers,consideration
Leeds citb smsts,0,0,0.0,0,Navigating SMSTS Course Delivery and Providers,consideration
smsts training Leeds,0,0,0.0,0,Navigating SMSTS Course Delivery and Providers,consideration
smsts training Birmingham,0,0,0.0,0,Navigating SMSTS Course Delivery and Providers,consideration
smsts training Glasgow,0,0,0.0,0,Navigating SMSTS Course Delivery and Providers,consideration
smsts training London,0,0,0.0,0,Navigating SMSTS Course Delivery and Providers,consideration
citb smsts London,0,0,0.0,0,Navigating SMSTS Course Delivery and Providers,consideration
smsts course London,0,0,0.0,0,Navigating SMSTS Course Delivery and Providers,consideration
Leeds smsts online,0,0,0.0,0,Navigating SMSTS Course Delivery and Providers,consideration
Birmingham smsts course,0,0,0.0,0,Navigating SMSTS Course Delivery and Providers,consideration
Manchester smsts online,0,0,0.0,0,Navigating SMSTS Course Delivery and Providers,consideration
site management safety training scheme London,0,0,0.0,0,Navigating SMSTS Course Delivery and Providers,consideration
Leeds smsts course,0,0,0.0,0,Navigating SMSTS Course Delivery and Providers,consideration
Glasgow citb smsts,0,0,0.0,0,Navigating SMSTS Course Delivery and Providers,consideration
site management safety training scheme Leeds,0,0,0.0,0,Navigating SMSTS Course Delivery and Providers,consideration
London smsts course,0,0,0.0,0,Navigating SMSTS Course Delivery and Providers,consideration
London smsts online,0,0,0.0,0,Navigating SMSTS Course Delivery and Providers,consideration
Manchester site management safety training scheme,0,0,0.0,0,Navigating SMSTS Course Delivery and Providers,consideration
Leeds site management safety training scheme,0,0,0.0,0,Navigating SMSTS Course Delivery and Providers,consideration
Birmingham smsts online,0,0,0.0,0,Navigating SMSTS Course Delivery and Providers,consideration
smsts course Leeds,0,0,0.0,0,Navigating SMSTS Course Delivery and Providers,consideration
Manchester smsts course,0,0,0.0,0,Navigating SMSTS Course Delivery and Providers,consideration
smsts online Leeds,0,0,0.0,0,Navigating SMSTS Course Delivery and Providers,consideration
smsts training Manchester,0,0,0.0,0,Navigating SMSTS Course Delivery and Providers,consideration
smsts course Manchester,0,0,0.0,0,Navigating SMSTS Course Delivery and Providers,consideration
citb smsts Glasgow,0,0,0.0,0,Navigating SMSTS Course Delivery and Providers,consideration
smsts course Glasgow,0,0,0.0,0,Navigating SMSTS Course Delivery and Providers,consideration
Glasgow smsts online,0,0,0.0,0,Navigating SMSTS Course Delivery and Providers,consideration
smsts online Glasgow,0,0,0.0,0,Navigating SMSTS Course Delivery and Providers,consideration
site management safety training scheme Glasgow,0,0,0.0,0,Navigating SMSTS Course Delivery and Providers,consideration
smsts course Birmingham,0,0,0.0,0,Navigating SMSTS Course Delivery and Providers,consideration
Glasgow site management safety training scheme,0,0,0.0,0,Navigating SMSTS Course Delivery and Providers,consideration
smsts online Birmingham,0,0,0.0,0,Navigating SMSTS Course Delivery and Providers,consideration
Birmingham citb smsts,0,0,0.0,0,Navigating SMSTS Course Delivery and Providers,consideration
citb smsts Birmingham,0,0,0.0,0,Navigating SMSTS Course Delivery and Providers,consideration
London smsts training,0,0,0.0,0,Navigating SMSTS Course Delivery and Providers,consideration
site management safety training scheme Manchester,0,0,0.0,0,Navigating SMSTS Course Delivery and Providers,consideration
Glasgow smsts course,0,0,0.0,0,Navigating SMSTS Course Delivery and Providers,consideration
